house,weights,bias
Gryffindor,"0.2992893979707509,-0.3507043719329549,0.387330840919575,-0.321603514699954",-0.5423528786845826
Hufflepuff,"0.4888459445193289,0.4297480441410034,-0.5002522587054877,-0.03827396475712485",-0.30974086343954726
Ravenclaw,"-0.40680471589666656,0.2729144914947616,0.4139934591981818,0.5653855098859047",-0.4079776476643267
Slytherin,"-0.38471454027602825,-0.34443423479719454,-0.29977280999441663,-0.19793295131257294",-0.5704978814341568
